time,deviceID,issue,technicianID,temperature,pressure,load,production_rate
141,46,jammed_rotor,29,-0.0233907620681050,-0.2279391547989280,-0.0742074148421794,0.9759147085427350
149,941,jammed_rotor,77,0.0731947963298243,0.1794195301132160,-0.0840873495629182,0.9788766649526330
161,882,broken_gear,33,-0.4270600009738400,0.0237466992793383,0.2712394402300600,0.9493526916712490
